topic,key_word
Topic 0,fruit
Topic 0,tannins
Topic 0,acidity
Topic 0,cherry
Topic 0,aromas
Topic 0,black
Topic 0,ripe
Topic 0,palate
Topic 0,spice
Topic 0,rich
Topic 1,apple
Topic 1,citrus
Topic 1,crisp
Topic 1,fresh
Topic 1,white
Topic 1,peach
Topic 1,acidity
Topic 1,lemon
Topic 1,pear
Topic 1,green
Topic 2,acidity
Topic 2,fruits
Topic 2,ripe
Topic 2,rich
Topic 2,wood
Topic 2,tannins
Topic 2,aging
Topic 2,years
Topic 2,structure
Topic 2,fruity
Topic 3,sweet
Topic 3,soft
Topic 3,cherry
Topic 3,simple
Topic 3,cherries
Topic 3,vanilla
Topic 3,little
Topic 3,cola
Topic 3,rich
Topic 3,raspberry
Topic 4,fresh
Topic 4,cherry
Topic 4,light
Topic 4,fruity
Topic 4,soft
Topic 4,acidity
Topic 4,bright
Topic 4,raspberry
Topic 4,berry
Topic 4,crisp
Topic 5,soft
Topic 5,sweet
Topic 5,ripe
Topic 5,berry
Topic 5,fruits
Topic 5,plum
Topic 5,wood
Topic 5,aromas
Topic 5,juicy
Topic 5,sample
Topic 6,green
Topic 6,herbal
Topic 6,palate
Topic 6,plum
Topic 6,sweet
Topic 6,apple
Topic 6,nose
Topic 6,tannic
Topic 6,little
Topic 6,cherries
Topic 7,fruit
Topic 7,light
Topic 7,herbal
Topic 7,tart
Topic 7,berry
Topic 7,raspberry
Topic 7,barrel
Topic 7,wood
Topic 7,just
Topic 7,vineyard
Topic 8,soft
Topic 8,fruit
Topic 8,black
Topic 8,apple
Topic 8,light
Topic 8,tannins
Topic 8,ripe
Topic 8,green
Topic 8,fresh
Topic 8,blackberry
Topic 9,sweet
Topic 9,black
Topic 9,cherry
Topic 9,acidity
Topic 9,tannins
Topic 9,firm
Topic 9,white
Topic 9,raspberry
Topic 9,simple
Topic 9,juicy
Topic 10,cherry
Topic 10,ripe
Topic 10,raspberry
Topic 10,vanilla
Topic 10,acidity
Topic 10,plum
Topic 10,palate
Topic 10,rich
Topic 10,toast
Topic 10,apple
Topic 11,blackberry
Topic 11,green
Topic 11,chocolate
Topic 11,dark
Topic 11,apple
Topic 11,cherry
Topic 11,citrus
Topic 11,tannic
Topic 11,currant
Topic 11,crisp
Topic 12,tannins
Topic 12,firm
Topic 12,apple
Topic 12,cherry
Topic 12,green
Topic 12,soft
Topic 12,years
Topic 12,aging
Topic 12,raspberry
Topic 12,structure
Topic 13,ripe
Topic 13,white
Topic 13,blackberry
Topic 13,berry
Topic 13,acidity
Topic 13,fruit
Topic 13,tannic
Topic 13,peach
Topic 13,juicy
Topic 13,palate
Topic 14,tannins
Topic 14,acidity
Topic 14,dark
Topic 14,chocolate
Topic 14,blackberry
Topic 14,palate
Topic 14,lemon
Topic 14,firm
Topic 14,nose
Topic 14,vanilla
Topic 15,green
Topic 15,black
Topic 15,crisp
Topic 15,spice
Topic 15,fruit
Topic 15,pepper
Topic 15,acidity
Topic 15,apple
Topic 15,berry
Topic 15,shows
Topic 16,vanilla
Topic 16,tannins
Topic 16,soft
Topic 16,creamy
Topic 16,toast
Topic 16,white
Topic 16,peach
Topic 16,aromas
Topic 16,rich
Topic 16,buttered
Topic 17,vanilla
Topic 17,fresh
Topic 17,shows
Topic 17,barrel
Topic 17,clean
Topic 17,toast
Topic 17,ripe
Topic 17,easy
Topic 17,blackberry
Topic 17,sample
Topic 18,soft
Topic 18,white
Topic 18,acidity
Topic 18,pepper
Topic 18,spice
Topic 18,shows
Topic 18,nose
Topic 18,alcohol
Topic 18,high
Topic 18,palate
Topic 19,rich
Topic 19,barrel
Topic 19,sample
Topic 19,green
Topic 19,white
Topic 19,fruits
Topic 19,pepper
Topic 19,dark
Topic 19,chocolate
Topic 19,tannins
Topic 20,rich
Topic 20,fresh
Topic 20,spice
Topic 20,years
Topic 20,fruit
Topic 20,wood
Topic 20,nose
Topic 20,green
Topic 20,tannins
Topic 20,palate
Topic 21,fruity
Topic 21,rich
Topic 21,currant
Topic 21,citrus
Topic 21,texture
Topic 21,black
Topic 21,spicy
Topic 21,clean
Topic 21,nose
Topic 21,nice
Topic 22,light
Topic 22,style
Topic 22,berry
Topic 22,fruity
Topic 22,alcohol
Topic 22,ripe
Topic 22,just
Topic 22,apple
Topic 22,tannins
Topic 22,toast
Topic 23,light
Topic 23,shows
Topic 23,blackberry
Topic 23,aromas
Topic 23,wood
Topic 23,rich
Topic 23,barrel
Topic 23,sample
Topic 23,currant
Topic 23,green
Topic 24,simple
Topic 24,fruity
Topic 24,spice
Topic 24,wood
Topic 24,cherries
Topic 24,tannic
Topic 24,dark
Topic 24,white
Topic 24,little
Topic 24,offers
Topic 25,apple
Topic 25,berry
Topic 25,rich
Topic 25,barrel
Topic 25,pear
Topic 25,cherry
Topic 25,bright
Topic 25,shows
Topic 25,sample
Topic 25,dark
Topic 26,fruity
Topic 26,barrel
Topic 26,sample
Topic 26,texture
Topic 26,spicy
Topic 26,white
Topic 26,herbal
Topic 26,long
Topic 26,pepper
Topic 26,lemon
Topic 27,acidity
Topic 27,apple
Topic 27,plum
Topic 27,pear
Topic 27,mouth
Topic 27,spice
Topic 27,peach
Topic 27,balanced
Topic 27,alcohol
Topic 27,high
Topic 28,citrus
Topic 28,fruits
Topic 28,barrel
Topic 28,aromas
Topic 28,little
Topic 28,sample
Topic 28,high
Topic 28,blackberry
Topic 28,alcohol
Topic 28,acidity
Topic 29,texture
Topic 29,blackberry
Topic 29,tannic
Topic 29,berry
Topic 29,fresh
Topic 29,palate
Topic 29,simple
Topic 29,light
Topic 29,silky
Topic 29,fruits
Topic 30,mouth
Topic 30,lemon
Topic 30,barrel
Topic 30,lime
Topic 30,sample
Topic 30,soft
Topic 30,tannic
Topic 30,orange
Topic 30,herbal
Topic 30,aromas
Topic 31,mouth
Topic 31,wood
Topic 31,touch
Topic 31,just
Topic 31,smooth
Topic 31,lemon
Topic 31,nose
Topic 31,lime
Topic 31,cherry
Topic 31,berry
Topic 32,wood
Topic 32,crisp
Topic 32,plum
Topic 32,lemon
Topic 32,style
Topic 32,aromas
Topic 32,aging
Topic 32,years
Topic 32,lime
Topic 32,soft
Topic 33,fresh
Topic 33,shows
Topic 33,spice
Topic 33,fruity
Topic 33,simple
Topic 33,texture
Topic 33,alcohol
Topic 33,high
Topic 33,tannins
Topic 33,tastes
Topic 34,crisp
Topic 34,little
Topic 34,white
Topic 34,berry
Topic 34,barrel
Topic 34,sample
Topic 34,mouth
Topic 34,rich
Topic 34,touch
Topic 34,light
Topic 35,just
Topic 35,simple
Topic 35,plum
Topic 35,touch
Topic 35,lemon
Topic 35,aromas
Topic 35,great
Topic 35,fine
Topic 35,right
Topic 35,hint
Topic 36,mouth
Topic 36,alcohol
Topic 36,structure
Topic 36,high
Topic 36,spicy
Topic 36,lemon
Topic 36,bright
Topic 36,offers
Topic 36,pepper
Topic 36,nose
Topic 37,style
Topic 37,wood
Topic 37,offers
Topic 37,nose
Topic 37,crisp
Topic 37,structure
Topic 37,cherry
Topic 37,dried
Topic 37,fine
Topic 37,mouth
Topic 38,touch
Topic 38,style
Topic 38,tannic
Topic 38,citrus
Topic 38,easy
Topic 38,texture
Topic 38,firm
Topic 38,just
Topic 38,bright
Topic 38,plum
Topic 39,touch
Topic 39,crisp
Topic 39,simple
Topic 39,spicy
Topic 39,apple
Topic 39,fruits
Topic 39,pear
Topic 39,slightly
Topic 39,firm
Topic 39,dried
Topic 40,style
Topic 40,bright
Topic 40,easy
Topic 40,nose
Topic 40,years
Topic 40,raspberry
Topic 40,simple
Topic 40,mouthfeel
Topic 40,smooth
Topic 40,herbal
Topic 41,plum
Topic 41,spicy
Topic 41,citrus
Topic 41,offers
Topic 41,nose
Topic 41,simple
Topic 41,pear
Topic 41,tart
Topic 41,little
Topic 41,touch
Topic 42,touch
Topic 42,style
Topic 42,fine
Topic 42,spicy
Topic 42,citrus
Topic 42,raspberry
Topic 42,pepper
Topic 42,simple
Topic 42,elegant
Topic 42,dark
Topic 43,style
Topic 43,little
Topic 43,just
Topic 43,dark
Topic 43,mouth
Topic 43,fruits
Topic 43,aromas
Topic 43,balance
Topic 43,fine
Topic 43,apple
Topic 44,little
Topic 44,spicy
Topic 44,structure
Topic 44,raspberry
Topic 44,smooth
Topic 44,herbal
Topic 44,mouthfeel
Topic 44,peach
Topic 44,wood
Topic 44,dark
Topic 45,simple
Topic 45,raspberry
Topic 45,chocolate
Topic 45,bright
Topic 45,smooth
Topic 45,herbal
Topic 45,just
Topic 45,juicy
Topic 45,fine
Topic 45,spice
Topic 46,balanced
Topic 46,touch
Topic 46,fruits
Topic 46,plum
Topic 46,juicy
Topic 46,smooth
Topic 46,fruit
Topic 46,lemon
Topic 46,cola
Topic 46,elegant
Topic 47,balanced
Topic 47,offers
Topic 47,raspberry
Topic 47,easy
Topic 47,mouth
Topic 47,dried
Topic 47,currant
Topic 47,little
Topic 47,toast
Topic 47,dark
Topic 48,little
Topic 48,clean
Topic 48,bright
Topic 48,green
Topic 48,balanced
Topic 48,long
Topic 48,medium
Topic 48,years
Topic 48,style
Topic 48,peach
Topic 49,juicy
Topic 49,herbal
Topic 49,offers
Topic 49,touch
Topic 49,cola
Topic 49,peach
Topic 49,blackberry
Topic 49,smoky
Topic 49,vineyard
Topic 49,mineral
Topic 50,little
Topic 50,bright
Topic 50,toast
Topic 50,medium
Topic 50,balanced
Topic 50,plum
Topic 50,herbal
Topic 50,tastes
Topic 50,pineapple
Topic 50,weight
Topic 51,offers
Topic 51,clean
Topic 51,spicy
Topic 51,years
Topic 51,aromas
Topic 51,chocolate
Topic 51,touch
Topic 51,fruits
Topic 51,tropical
Topic 51,fruity
Topic 52,just
Topic 52,spicy
Topic 52,firm
Topic 52,structure
Topic 52,toast
Topic 52,chocolate
Topic 52,balanced
Topic 52,crisp
Topic 52,style
Topic 52,juicy
Topic 53,clean
Topic 53,toast
Topic 53,smooth
Topic 53,pineapple
Topic 53,buttered
Topic 53,fine
Topic 53,high
Topic 53,alcohol
Topic 53,herbal
Topic 53,structure
Topic 54,smooth
Topic 54,little
Topic 54,medium
Topic 54,tart
Topic 54,mouthfeel
Topic 54,structure
Topic 54,years
Topic 54,long
Topic 54,pepper
Topic 54,acidity
Topic 55,tart
Topic 55,mouthfeel
Topic 55,currant
Topic 55,fine
Topic 55,slightly
Topic 55,color
Topic 55,great
Topic 55,creamy
Topic 55,juicy
Topic 55,green
Topic 56,mineral
Topic 56,easy
Topic 56,little
Topic 56,chocolate
Topic 56,touch
Topic 56,tight
Topic 56,tart
Topic 56,texture
Topic 56,imported
Topic 56,aromas
Topic 57,herbal
Topic 57,tart
Topic 57,pepper
Topic 57,citrus
Topic 57,little
Topic 57,clean
Topic 57,balanced
Topic 57,dense
Topic 57,vanilla
Topic 57,smooth
Topic 58,mouthfeel
Topic 58,offers
Topic 58,slightly
Topic 58,just
Topic 58,lime
Topic 58,mineral
Topic 58,melon
Topic 58,toast
Topic 58,acidity
Topic 58,high
Topic 59,great
Topic 59,tannic
Topic 59,imported
Topic 59,smooth
Topic 59,peach
Topic 59,vineyard
Topic 59,pepper
Topic 59,pineapple
Topic 59,wines
Topic 59,juicy
Topic 60,vineyard
Topic 60,firm
Topic 60,cola
Topic 60,pepper
Topic 60,orange
Topic 60,wood
Topic 60,structure
Topic 60,single
Topic 60,herb
Topic 60,acidity
Topic 61,fine
Topic 61,tart
Topic 61,peach
Topic 61,structure
Topic 61,years
Topic 61,smooth
Topic 61,aromas
Topic 61,crisp
Topic 61,vanilla
Topic 61,dark
Topic 62,juicy
Topic 62,slightly
Topic 62,fine
Topic 62,tastes
Topic 62,pepper
Topic 62,bitter
Topic 62,chocolate
Topic 62,orange
Topic 62,vineyard
Topic 62,vintage
Topic 63,fine
Topic 63,peach
Topic 63,concentrated
Topic 63,dense
Topic 63,jammy
Topic 63,long
Topic 63,balance
Topic 63,young
Topic 63,raspberry
Topic 63,blackberry
Topic 64,tastes
Topic 64,long
Topic 64,white
Topic 64,offers
Topic 64,medium
Topic 64,easy
Topic 64,spicy
Topic 64,juicy
Topic 64,currant
Topic 64,smells
Topic 65,tastes
Topic 65,peach
Topic 65,slightly
Topic 65,smoky
Topic 65,great
Topic 65,feels
Topic 65,jammy
Topic 65,structure
Topic 65,smells
Topic 65,herb
Topic 66,nice
Topic 66,pretty
Topic 66,balance
Topic 66,mineral
Topic 66,mouthfeel
Topic 66,weight
Topic 66,medium
Topic 66,tobacco
Topic 66,orange
Topic 66,tastes
Topic 67,slightly
Topic 67,smooth
Topic 67,spicy
Topic 67,note
Topic 67,mineral
Topic 67,toast
Topic 67,concentrated
Topic 67,bitter
Topic 67,vineyard
Topic 67,pretty
Topic 68,smoky
Topic 68,mineral
Topic 68,delicious
Topic 68,medium
Topic 68,weight
Topic 68,tastes
Topic 68,clean
Topic 68,tight
Topic 68,time
Topic 68,pear
Topic 69,pear
Topic 69,concentrated
Topic 69,dense
Topic 69,mouthfeel
Topic 69,imported
Topic 69,cola
Topic 69,raspberry
Topic 69,currant
Topic 69,tannic
Topic 69,fine
Topic 70,cola
Topic 70,tight
Topic 70,structure
Topic 70,time
Topic 70,orange
Topic 70,tobacco
Topic 70,currant
Topic 70,offers
Topic 70,peach
Topic 70,slightly
Topic 71,pear
Topic 71,balance
Topic 71,juicy
Topic 71,creamy
Topic 71,structure
Topic 71,elegant
Topic 71,best
Topic 71,pair
Topic 71,mouth
Topic 71,lemon
Topic 72,pear
Topic 72,tastes
Topic 72,pretty
Topic 72,pepper
Topic 72,long
Topic 72,mineral
Topic 72,imported
Topic 72,elegant
Topic 72,price
Topic 72,hints
Topic 73,great
Topic 73,balance
Topic 73,cola
Topic 73,firm
Topic 73,elegant
Topic 73,structured
Topic 73,smooth
Topic 73,peach
Topic 73,licorice
Topic 73,tannic
Topic 74,creamy
Topic 74,vintage
Topic 74,richness
Topic 74,finishes
Topic 74,long
Topic 74,ready
Topic 74,freshness
Topic 74,attractive
Topic 74,balanced
Topic 74,note
Topic 75,smoky
Topic 75,pear
Topic 75,firm
Topic 75,slightly
Topic 75,cassis
Topic 75,richness
Topic 75,delicious
Topic 75,concentrated
Topic 75,tobacco
Topic 75,dense
Topic 76,herb
Topic 76,mouthfeel
Topic 76,dried
Topic 76,smoky
Topic 76,cassis
Topic 76,great
Topic 76,concentrated
Topic 76,spice
Topic 76,spicy
Topic 76,white
Topic 77,pretty
Topic 77,delicious
Topic 77,tobacco
Topic 77,orange
Topic 77,vintage
Topic 77,aging
Topic 77,slightly
Topic 77,leather
Topic 77,pear
Topic 77,peach
Topic 78,balance
Topic 78,delicious
Topic 78,mineral
Topic 78,vintage
Topic 78,orange
Topic 78,herb
Topic 78,finishes
Topic 78,vanilla
Topic 78,mouthfeel
Topic 78,heavy
Topic 79,richness
Topic 79,aging
Topic 79,structured
Topic 79,long
Topic 79,dried
Topic 79,elegant
Topic 79,currant
Topic 79,pineapple
Topic 79,tropical
Topic 79,jammy
Topic 80,nice
Topic 80,orange
Topic 80,creamy
Topic 80,aging
Topic 80,note
Topic 80,complex
Topic 80,palate
Topic 80,hint
Topic 80,finishes
Topic 80,vineyard
Topic 81,ready
Topic 81,attractive
Topic 81,solid
Topic 81,cassis
Topic 81,complex
Topic 81,vintage
Topic 81,best
Topic 81,mineral
Topic 81,slightly
Topic 81,creamy
Topic 82,delicious
Topic 82,imported
Topic 82,time
Topic 82,creamy
Topic 82,needs
Topic 82,solid
Topic 82,best
Topic 82,wines
Topic 82,young
Topic 82,dense
Topic 83,nice
Topic 83,aging
Topic 83,slightly
Topic 83,pineapple
Topic 83,jammy
Topic 83,honey
Topic 83,lemon
Topic 83,apricot
Topic 83,pear
Topic 83,medium
Topic 84,smoky
Topic 84,note
Topic 84,pineapple
Topic 84,finishes
Topic 84,orange
Topic 84,pretty
Topic 84,hint
Topic 84,vintage
Topic 84,wood
Topic 84,leather
Topic 85,richness
Topic 85,vineyard
Topic 85,concentrated
Topic 85,intense
Topic 85,cassis
Topic 85,slightly
Topic 85,tobacco
Topic 85,tastes
Topic 85,ready
Topic 85,mouthfeel
Topic 86,vintage
Topic 86,complex
Topic 86,elegant
Topic 86,best
Topic 86,cassis
Topic 86,richness
Topic 86,hint
Topic 86,finishes
Topic 86,tight
Topic 86,honey
Topic 87,orange
Topic 87,jammy
Topic 87,concentrated
Topic 87,hints
Topic 87,elegant
Topic 87,creamy
Topic 87,currant
Topic 87,mineral
Topic 87,wood
Topic 87,tobacco
Topic 88,earthy
Topic 88,vintage
Topic 88,pineapple
Topic 88,time
Topic 88,mouthfeel
Topic 88,elegant
Topic 88,smoky
Topic 88,dried
Topic 88,nice
Topic 88,long
Topic 89,melon
Topic 89,solid
Topic 89,honey
Topic 89,mineral
Topic 89,richness
Topic 89,ready
Topic 89,complex
Topic 89,round
Topic 89,vineyard
Topic 89,time
Topic 90,vintage
Topic 90,tight
Topic 90,creamy
Topic 90,grapefruit
Topic 90,hints
Topic 90,cola
Topic 90,solid
Topic 90,dried
Topic 90,feel
Topic 90,lime
Topic 91,elegant
Topic 91,cassis
Topic 91,solid
Topic 91,finishes
Topic 91,imported
Topic 91,edge
Topic 91,earthy
Topic 91,black
Topic 91,dried
Topic 91,orange
Topic 92,nice
Topic 92,delicious
Topic 92,elegant
Topic 92,ready
Topic 92,finishes
Topic 92,melon
Topic 92,grapefruit
Topic 92,note
Topic 92,pair
Topic 92,vintage
Topic 93,hint
Topic 93,smoky
Topic 93,aging
Topic 93,ready
Topic 93,tight
Topic 93,honey
Topic 93,balance
Topic 93,toast
Topic 93,complex
Topic 93,vintage
Topic 94,ready
Topic 94,complex
Topic 94,tight
Topic 94,earthy
Topic 94,intense
Topic 94,pretty
Topic 94,grapefruit
Topic 94,black
Topic 94,cola
Topic 94,finishes
Topic 95,earthy
Topic 95,edge
Topic 95,cassis
Topic 95,mineral
Topic 95,pretty
Topic 95,concentrated
Topic 95,honey
Topic 95,pepper
Topic 95,vintage
Topic 95,pineapple
Topic 96,edge
Topic 96,grapefruit
Topic 96,licorice
Topic 96,best
Topic 96,hint
Topic 96,elegant
Topic 96,bitter
Topic 96,tobacco
Topic 96,lime
Topic 96,herbal
Topic 97,hints
Topic 97,feels
Topic 97,tight
Topic 97,herb
Topic 97,edge
Topic 97,complex
Topic 97,dense
Topic 97,honey
Topic 97,hard
Topic 97,note
Topic 98,hints
Topic 98,aging
Topic 98,pineapple
Topic 98,elegant
Topic 98,heavy
Topic 98,jammy
Topic 98,creamy
Topic 98,ready
Topic 98,sugar
Topic 98,dense
Topic 99,complex
Topic 99,color
Topic 99,pineapple
Topic 99,freshness
Topic 99,finishes
Topic 99,grapefruit
Topic 99,opens
Topic 99,young
Topic 99,dense
Topic 99,strawberry
Topic 100,finishes
Topic 100,edge
Topic 100,sweetness
Topic 100,vintage
Topic 100,pretty
Topic 100,time
Topic 100,leather
Topic 100,complex
Topic 100,licorice
Topic 100,sugar
Topic 101,best
Topic 101,finishes
Topic 101,herbs
Topic 101,hints
Topic 101,melon
Topic 101,licorice
Topic 101,earthy
Topic 101,aging
Topic 101,sharp
Topic 101,note
Topic 102,heavy
Topic 102,melon
Topic 102,licorice
Topic 102,lemon
Topic 102,tart
Topic 102,intense
Topic 102,smoky
Topic 102,pepper
Topic 102,aging
Topic 102,feels
Topic 103,licorice
Topic 103,tight
Topic 103,melon
Topic 103,strawberry
Topic 103,round
Topic 103,pineapple
Topic 103,freshness
Topic 103,lemon
Topic 103,wild
Topic 103,hint
Topic 104,coffee
Topic 104,intense
Topic 104,elegant
Topic 104,solid
Topic 104,plenty
Topic 104,pineapple
Topic 104,melon
Topic 104,toasty
Topic 104,round
Topic 104,lively
Topic 105,best
Topic 105,tight
Topic 105,dense
Topic 105,hint
Topic 105,herb
Topic 105,strawberry
Topic 105,coffee
Topic 105,freshness
Topic 105,long
Topic 105,wood
Topic 106,solid
Topic 106,licorice
Topic 106,strawberry
Topic 106,best
Topic 106,intense
Topic 106,hints
Topic 106,herb
Topic 106,plenty
Topic 106,finishes
Topic 106,elegant
Topic 107,feel
Topic 107,jammy
Topic 107,lime
Topic 107,hard
Topic 107,note
Topic 107,strawberry
Topic 107,palate
Topic 107,licorice
Topic 107,complex
Topic 107,herb
Topic 108,freshness
Topic 108,intense
Topic 108,herb
Topic 108,sweetness
Topic 108,best
Topic 108,floral
Topic 108,nice
Topic 108,hints
Topic 108,pineapple
Topic 108,nose
Topic 109,sugar
Topic 109,grapefruit
Topic 109,attractive
Topic 109,tight
Topic 109,concentrated
Topic 109,coffee
Topic 109,sweetness
Topic 109,freshness
Topic 109,cinnamon
Topic 109,best
Topic 110,attractive
Topic 110,lime
Topic 110,jammy
Topic 110,coffee
Topic 110,strawberry
Topic 110,note
Topic 110,cassis
Topic 110,currant
Topic 110,intense
Topic 110,feels
Topic 111,attractive
Topic 111,honey
Topic 111,herb
Topic 111,young
Topic 111,finishes
Topic 111,aging
Topic 111,sharp
Topic 111,freshness
Topic 111,price
Topic 111,complexity
Topic 112,plenty
Topic 112,licorice
Topic 112,freshness
Topic 112,sharp
Topic 112,grapefruit
Topic 112,dense
Topic 112,lively
Topic 112,young
Topic 112,earthy
Topic 112,honey
Topic 113,heavy
Topic 113,grapefruit
Topic 113,jammy
Topic 113,palate
Topic 113,cassis
Topic 113,pineapple
Topic 113,hard
Topic 113,mouth
Topic 113,tart
Topic 113,edge
Topic 114,hint
Topic 114,feel
Topic 114,heavy
Topic 114,structured
Topic 114,freshness
Topic 114,hints
Topic 114,bitter
Topic 114,quite
Topic 114,currants
Topic 114,licorice
Topic 115,licorice
Topic 115,sharp
Topic 115,attractive
Topic 115,time
Topic 115,vintage
Topic 115,melon
Topic 115,structured
Topic 115,acids
Topic 115,earthy
Topic 115,herb
Topic 116,quite
Topic 116,lime
Topic 116,showing
Topic 116,structured
Topic 116,intense
Topic 116,heavy
Topic 116,floral
Topic 116,earthy
Topic 116,orange
Topic 116,palate
Topic 117,plenty
Topic 117,feel
Topic 117,licorice
Topic 117,concentrated
Topic 117,hard
Topic 117,opens
Topic 117,weight
Topic 117,young
Topic 117,color
Topic 117,vineyard
Topic 118,plenty
Topic 118,structured
Topic 118,time
Topic 118,feels
Topic 118,lime
Topic 118,strawberry
Topic 118,heavy
Topic 118,aging
Topic 118,vintage
Topic 118,intense
Topic 119,showing
Topic 119,jammy
Topic 119,melon
Topic 119,plenty
Topic 119,structured
Topic 119,note
Topic 119,feel
Topic 119,complexity
Topic 119,cola
Topic 119,best
Topic 120,structured
Topic 120,young
Topic 120,dense
Topic 120,round
Topic 120,attractive
Topic 120,intense
Topic 120,feel
Topic 120,apricot
Topic 120,hard
Topic 120,currants
Topic 121,sharp
Topic 121,sour
Topic 121,price
Topic 121,hard
Topic 121,herbs
Topic 121,structured
Topic 121,feels
Topic 121,candy
Topic 121,acids
Topic 121,strawberry
Topic 122,quite
Topic 122,lively
Topic 122,stone
Topic 122,concentrated
Topic 122,best
Topic 122,pineapple
Topic 122,cola
Topic 122,note
Topic 122,strawberry
Topic 122,apricot
Topic 123,cedar
Topic 123,price
Topic 123,blackberries
Topic 123,hard
Topic 123,coffee
Topic 123,finishes
Topic 123,currants
Topic 123,sugar
Topic 123,year
Topic 123,lively
Topic 124,showing
Topic 124,sweetness
Topic 124,strawberry
Topic 124,tropical
Topic 124,coffee
Topic 124,blackberries
Topic 124,currants
Topic 124,color
Topic 124,structured
Topic 124,cola
Topic 125,hard
Topic 125,showing
Topic 125,lively
Topic 125,leather
Topic 125,coffee
Topic 125,licorice
Topic 125,floral
Topic 125,complexity
Topic 125,color
Topic 125,hint
Topic 126,tropical
Topic 126,structured
Topic 126,year
Topic 126,concentrated
Topic 126,quite
Topic 126,hard
Topic 126,aged
Topic 126,wines
Topic 126,jammy
Topic 126,freshness
Topic 127,quite
Topic 127,hard
Topic 127,intense
Topic 127,tobacco
Topic 127,floral
Topic 127,bitter
Topic 127,plenty
Topic 127,hints
Topic 127,lively
Topic 127,tropical
Topic 128,showing
Topic 128,quite
Topic 128,round
Topic 128,dense
Topic 128,opens
Topic 128,intense
Topic 128,freshness
Topic 128,imported
Topic 128,leather
Topic 128,year
Topic 129,freshness
Topic 129,tobacco
Topic 129,hard
Topic 129,honey
Topic 129,wild
Topic 129,color
Topic 129,spices
Topic 129,cherries
Topic 129,forward
Topic 129,stone
Topic 130,year
Topic 130,weight
Topic 130,showing
Topic 130,sour
Topic 130,honey
Topic 130,heavy
Topic 130,cherries
Topic 130,strawberry
Topic 130,bottle
Topic 130,bitter
Topic 131,lively
Topic 131,showing
Topic 131,acids
Topic 131,price
Topic 131,tobacco
Topic 131,heavy
Topic 131,stone
Topic 131,pair
Topic 131,richness
Topic 131,berries
Topic 132,lively
Topic 132,leather
Topic 132,price
Topic 132,structured
Topic 132,sour
Topic 132,quite
Topic 132,young
Topic 132,wild
Topic 132,savory
Topic 132,melon
Topic 133,feels
Topic 133,showing
Topic 133,round
Topic 133,candied
Topic 133,almond
Topic 133,apricot
Topic 133,sugar
Topic 133,feel
Topic 133,richness
Topic 133,cedar
Topic 134,sugar
Topic 134,cinnamon
Topic 134,sharp
Topic 134,lively
Topic 134,weight
Topic 134,complexity
Topic 134,structured
Topic 134,leather
Topic 134,freshness
Topic 134,tropical
Topic 135,weight
Topic 135,round
Topic 135,lively
Topic 135,wines
Topic 135,strong
Topic 135,candied
Topic 135,hints
Topic 135,powerful
Topic 135,showing
Topic 135,hint
Topic 136,floral
Topic 136,cinnamon
Topic 136,minerality
Topic 136,cola
Topic 136,apricot
Topic 136,weight
Topic 136,aged
Topic 136,heavy
Topic 136,sharp
Topic 136,hard
Topic 137,weight
Topic 137,year
Topic 137,color
Topic 137,feels
Topic 137,berries
Topic 137,jammy
Topic 137,wild
Topic 137,quite
Topic 137,hard
Topic 137,coffee
Topic 138,year
Topic 138,taste
Topic 138,berries
Topic 138,jammy
Topic 138,powerful
Topic 138,strong
Topic 138,wild
Topic 138,leather
Topic 138,structured
Topic 138,toasty
Topic 139,round
Topic 139,sour
Topic 139,toasty
Topic 139,floral
Topic 139,cinnamon
Topic 139,lively
Topic 139,candy
Topic 139,sweetness
Topic 139,weight
Topic 139,lime
Topic 140,round
Topic 140,heavy
Topic 140,apricot
Topic 140,hard
Topic 140,wild
Topic 140,core
Topic 140,berries
Topic 140,medium
Topic 140,richness
Topic 140,nice
Topic 141,sour
Topic 141,wines
Topic 141,sugar
Topic 141,candy
Topic 141,bitter
Topic 141,cedar
Topic 141,round
Topic 141,color
Topic 141,palate
Topic 141,savory
Topic 142,wines
Topic 142,forward
Topic 142,cinnamon
Topic 142,powerful
Topic 142,food
Topic 142,opens
Topic 142,oaky
Topic 142,sharp
Topic 142,high
Topic 142,sweetness
Topic 143,price
Topic 143,floral
Topic 143,powerful
Topic 143,leather
Topic 143,strong
Topic 143,bitter
Topic 143,round
Topic 143,candied
Topic 143,cherries
Topic 143,food
Topic 144,food
Topic 144,friendly
Topic 144,intensity
Topic 144,delivers
Topic 144,warm
Topic 144,make
Topic 144,power
Topic 144,feels
Topic 144,rounded
Topic 144,makes
Topic 145,core
Topic 145,minerality
Topic 145,cinnamon
Topic 145,strong
Topic 145,year
Topic 145,sweetness
Topic 145,acids
Topic 145,apricot
Topic 145,taste
Topic 145,opens
Topic 146,stone
Topic 146,opens
Topic 146,minerality
Topic 146,grapes
Topic 146,sugar
Topic 146,plenty
Topic 146,valley
Topic 146,honey
Topic 146,cool
Topic 146,bitter
Topic 147,food
Topic 147,spices
Topic 147,friendly
Topic 147,candied
Topic 147,dusty
Topic 147,apricot
Topic 147,opens
Topic 147,complexity
Topic 147,core
Topic 147,rounded
Topic 148,toasty
Topic 148,wines
Topic 148,opens
Topic 148,apricot
Topic 148,sugar
Topic 148,floral
Topic 148,followed
Topic 148,earth
Topic 148,price
Topic 148,gives
Topic 149,core
Topic 149,food
Topic 149,earth
Topic 149,bitter
Topic 149,friendly
Topic 149,herbs
Topic 149,honey
Topic 149,smoke
Topic 149,pineapple
Topic 149,right
Topic 150,earth
Topic 150,grapes
Topic 150,cinnamon
Topic 150,baked
Topic 150,taste
Topic 150,come
Topic 150,core
Topic 150,sweetness
Topic 150,pair
Topic 150,bouquet
Topic 151,core
Topic 151,apricot
Topic 151,lean
Topic 151,sweetness
Topic 151,stone
Topic 151,minerality
Topic 151,toasty
Topic 151,leather
Topic 151,high
Topic 151,come
Topic 152,caramel
Topic 152,lean
Topic 152,candied
Topic 152,oaky
Topic 152,core
Topic 152,easy
Topic 152,opens
Topic 152,year
Topic 152,wines
Topic 152,powerful
Topic 153,apricot
Topic 153,minerality
Topic 153,high
Topic 153,earth
Topic 153,make
Topic 153,cinnamon
Topic 153,savory
Topic 153,oaky
Topic 153,food
Topic 153,stone
Topic 154,forward
Topic 154,acids
Topic 154,blueberry
Topic 154,silky
Topic 154,come
Topic 154,powerful
Topic 154,grapes
Topic 154,earth
Topic 154,high
Topic 154,core
Topic 155,powerful
Topic 155,aged
Topic 155,feels
Topic 155,french
Topic 155,months
Topic 155,minerality
Topic 155,price
Topic 155,bottle
Topic 155,sweetness
Topic 155,alcohol
Topic 156,powerful
Topic 156,savory
Topic 156,silky
Topic 156,caramel
Topic 156,food
Topic 156,core
Topic 156,herbs
Topic 156,delivers
Topic 156,drinking
Topic 156,warm
Topic 157,gives
Topic 157,high
Topic 157,silky
Topic 157,drinking
Topic 157,grapes
Topic 157,caramel
Topic 157,quality
Topic 157,power
Topic 157,intensity
Topic 157,rustic
Topic 158,caramel
Topic 158,come
Topic 158,alcohol
Topic 158,mocha
Topic 158,pleasant
Topic 158,sweetness
Topic 158,spices
Topic 158,dusty
Topic 158,followed
Topic 158,grapes
Topic 159,warm
Topic 159,rounded
Topic 159,minerality
Topic 159,gives
Topic 159,dusty
Topic 159,generous
Topic 159,powerful
Topic 159,candied
Topic 159,yellow
Topic 159,tones
Topic 160,earth
Topic 160,spices
Topic 160,pure
Topic 160,powerful
Topic 160,dusty
Topic 160,exotic
Topic 160,high
Topic 160,delivers
Topic 160,acids
Topic 160,strawberry
Topic 161,lean
Topic 161,gives
Topic 161,comes
Topic 161,strong
Topic 161,acids
Topic 161,tangy
Topic 161,right
Topic 161,warm
Topic 161,drinking
Topic 161,bottle
Topic 162,pure
Topic 162,toasty
Topic 162,cedar
Topic 162,sour
Topic 162,acids
Topic 162,candied
Topic 162,bitter
Topic 162,jammy
Topic 162,cinnamon
Topic 162,expression
Topic 163,gives
Topic 163,taste
Topic 163,savory
Topic 163,opens
Topic 163,concentration
Topic 163,forward
Topic 163,toasty
Topic 163,bitter
Topic 163,smoke
Topic 163,powerful
Topic 164,strong
Topic 164,comes
Topic 164,sharp
Topic 164,silky
Topic 164,dusty
Topic 164,spices
Topic 164,warm
Topic 164,easy
Topic 164,peppery
Topic 164,earth
Topic 165,pleasant
Topic 165,toasty
Topic 165,drinking
Topic 165,grapes
Topic 165,lean
Topic 165,warm
Topic 165,savory
Topic 165,right
Topic 165,candied
Topic 165,generous
Topic 166,right
Topic 166,makes
Topic 166,lean
Topic 166,taste
Topic 166,bottle
Topic 166,delivers
Topic 166,cedar
Topic 166,silky
Topic 166,candied
Topic 166,drinking
Topic 167,rustic
Topic 167,comes
Topic 167,earth
Topic 167,lean
Topic 167,makes
Topic 167,mocha
Topic 167,savory
Topic 167,right
Topic 167,refreshing
Topic 167,acids
Topic 168,pure
Topic 168,bottle
Topic 168,right
Topic 168,dried
Topic 168,smoke
Topic 168,textured
Topic 168,rustic
Topic 168,make
Topic 168,mocha
Topic 168,expression
Topic 169,make
Topic 169,comes
Topic 169,stone
Topic 169,caramel
Topic 169,bottle
Topic 169,core
Topic 169,right
Topic 169,forward
Topic 169,drinking
Topic 169,bitter
Topic 170,mocha
Topic 170,makes
Topic 170,taste
Topic 170,quality
Topic 170,comes
Topic 170,aged
Topic 170,dusty
Topic 170,followed
Topic 170,lush
Topic 170,high
Topic 171,pure
Topic 171,minerality
Topic 171,baked
Topic 171,warm
Topic 171,forward
Topic 171,lean
Topic 171,sharp
Topic 171,acidic
Topic 171,sweetness
Topic 171,complexity
Topic 172,pleasant
Topic 172,make
Topic 172,candied
Topic 172,lots
Topic 172,blueberry
Topic 172,gives
Topic 172,silky
Topic 172,lean
Topic 172,earth
Topic 172,dusty
Topic 173,strong
Topic 173,mocha
Topic 173,generous
Topic 173,warm
Topic 173,savory
Topic 173,delivers
Topic 173,pleasant
Topic 173,aged
Topic 173,gives
Topic 173,bitter
Topic 174,oaky
Topic 174,make
Topic 174,yellow
Topic 174,earth
Topic 174,makes
Topic 174,pleasant
Topic 174,gives
Topic 174,rounded
Topic 174,peaches
Topic 174,generous
Topic 175,pleasant
Topic 175,makes
Topic 175,smoke
Topic 175,tones
Topic 175,herbs
Topic 175,cinnamon
Topic 175,oaky
Topic 175,rustic
Topic 175,followed
Topic 175,warm
Topic 176,pleasant
Topic 176,bottle
Topic 176,mocha
Topic 176,oaky
Topic 176,right
Topic 176,come
Topic 176,minerality
Topic 176,refreshing
Topic 176,aftertaste
Topic 176,tones
Topic 177,mocha
Topic 177,makes
Topic 177,herbs
Topic 177,scents
Topic 177,lush
Topic 177,lean
Topic 177,savory
Topic 177,almond
Topic 177,gives
Topic 177,caramel
Topic 178,mocha
Topic 178,herbs
Topic 178,come
Topic 178,rustic
Topic 178,drinking
Topic 178,generous
Topic 178,does
Topic 178,oaky
Topic 178,herb
Topic 178,silky
Topic 179,comes
Topic 179,mocha
Topic 179,rustic
Topic 179,lush
Topic 179,delivers
Topic 179,mint
Topic 179,blueberry
Topic 179,food
Topic 179,cedar
Topic 179,minerality
Topic 180,refreshing
Topic 180,baked
Topic 180,cedar
Topic 180,mint
Topic 180,sharp
Topic 180,drinking
Topic 180,come
Topic 180,delicate
Topic 180,makes
Topic 180,alcohol
Topic 181,generous
Topic 181,concentration
Topic 181,peppery
Topic 181,right
Topic 181,silky
Topic 181,blueberry
Topic 181,lush
Topic 181,smoke
Topic 181,scents
Topic 181,power
Topic 182,cedar
Topic 182,warm
Topic 182,oaky
Topic 182,lean
Topic 182,stone
Topic 182,rustic
Topic 182,right
Topic 182,power
Topic 182,aged
Topic 182,concentration
Topic 183,come
Topic 183,gives
Topic 183,does
Topic 183,delicate
Topic 183,scents
Topic 183,smoke
Topic 183,stone
Topic 183,elegance
Topic 183,toasted
Topic 183,comes
Topic 184,lightly
Topic 184,stone
Topic 184,oaky
Topic 184,scents
Topic 184,candied
Topic 184,smoke
Topic 184,sour
Topic 184,peppery
Topic 184,textured
Topic 184,lush
Topic 185,right
Topic 185,blueberry
Topic 185,stone
Topic 185,comes
Topic 185,taste
Topic 185,textured
Topic 185,makes
Topic 185,concentration
Topic 185,lots
Topic 185,pleasant
Topic 186,refreshing
Topic 186,grape
Topic 186,high
Topic 186,warm
Topic 186,smoke
Topic 186,does
Topic 186,blueberry
Topic 186,tones
Topic 186,delivers
Topic 186,taste
Topic 187,come
Topic 187,quality
Topic 187,make
Topic 187,comes
Topic 187,makes
Topic 187,minerality
Topic 187,scents
Topic 187,caramel
Topic 187,peppery
Topic 187,depth
Topic 188,blueberry
Topic 188,drinking
Topic 188,peppery
Topic 188,tangy
Topic 188,bottle
Topic 188,scents
Topic 188,meat
Topic 188,power
Topic 188,minerality
Topic 188,taste
Topic 189,generous
Topic 189,pure
Topic 189,refreshing
Topic 189,lean
Topic 189,open
Topic 189,perfumed
Topic 189,bottle
Topic 189,lightly
Topic 189,peppery
Topic 189,forward
Topic 190,lots
Topic 190,peppery
Topic 190,followed
Topic 190,textured
Topic 190,cedar
Topic 190,power
Topic 190,come
Topic 190,make
Topic 190,tones
Topic 190,earth
Topic 191,does
Topic 191,grape
Topic 191,generous
Topic 191,tangy
Topic 191,open
Topic 191,lots
Topic 191,mint
Topic 191,baked
Topic 191,lush
Topic 191,stone
Topic 192,tangy
Topic 192,come
Topic 192,lots
Topic 192,rounded
Topic 192,pure
Topic 192,concentration
Topic 192,bottle
Topic 192,stone
Topic 192,comes
Topic 192,tropical
Topic 193,followed
Topic 193,bouquet
Topic 193,mocha
Topic 193,lightly
Topic 193,blueberry
Topic 193,peppery
Topic 193,mint
Topic 193,depth
Topic 193,quality
Topic 193,open
Topic 194,mint
Topic 194,tones
Topic 194,concentration
Topic 194,makes
Topic 194,price
Topic 194,make
Topic 194,lead
Topic 194,baked
Topic 194,gives
Topic 194,nicely
Topic 195,tangy
Topic 195,aftertaste
Topic 195,peppery
Topic 195,generous
Topic 195,intensity
Topic 195,bouquet
Topic 195,smoke
Topic 195,stone
Topic 195,delicate
Topic 195,makes
Topic 196,lots
Topic 196,smoke
Topic 196,blueberry
Topic 196,nicely
Topic 196,intensity
Topic 196,baked
Topic 196,rounded
Topic 196,mocha
Topic 196,minerality
Topic 196,lightly
Topic 197,intensity
Topic 197,scents
Topic 197,warm
Topic 197,lots
Topic 197,followed
Topic 197,lead
Topic 197,aromatic
Topic 197,meat
Topic 197,silky
Topic 197,yellow
Topic 198,does
Topic 198,peppery
Topic 198,grape
Topic 198,minerality
Topic 198,lots
Topic 198,power
Topic 198,toasted
Topic 198,scents
Topic 198,delivers
Topic 198,refreshing
Topic 199,delicate
Topic 199,lots
Topic 199,blueberry
Topic 199,aftertaste
Topic 199,perfumed
Topic 199,baked
Topic 199,delivers
Topic 199,scents
Topic 199,right
Topic 199,followed
Topic 200,lightly
Topic 200,perfumed
Topic 200,cedar
Topic 200,packed
Topic 200,dusty
Topic 200,concentration
Topic 200,tones
Topic 200,tangy
Topic 200,aftertaste
Topic 200,warm
Topic 201,peppery
Topic 201,yellow
Topic 201,delicate
Topic 201,tones
Topic 201,intensity
Topic 201,cedar
Topic 201,baked
Topic 201,grape
Topic 201,complexity
Topic 201,offering
Topic 202,rounded
Topic 202,acidic
Topic 202,followed
Topic 202,elegance
Topic 202,mature
Topic 202,power
Topic 202,grapes
Topic 202,roasted
Topic 202,aftertaste
Topic 202,floral
Topic 203,dusty
Topic 203,smoke
Topic 203,mint
Topic 203,yellow
Topic 203,delivers
Topic 203,packed
Topic 203,peppery
Topic 203,scents
Topic 203,doesn
Topic 203,quality
Topic 204,lush
Topic 204,mint
Topic 204,perfumed
Topic 204,rounded
Topic 204,aftertaste
Topic 204,lots
Topic 204,does
Topic 204,tones
Topic 204,delicate
Topic 204,peppery
Topic 205,grape
Topic 205,followed
Topic 205,delivers
Topic 205,layers
Topic 205,lush
Topic 205,yellow
Topic 205,savory
Topic 205,deep
Topic 205,lightly
Topic 205,bordeaux
Topic 206,layers
Topic 206,delicate
Topic 206,acidic
Topic 206,peppery
Topic 206,mint
Topic 206,concentration
Topic 206,estate
Topic 206,bold
Topic 206,offering
Topic 206,lead
Topic 207,scents
Topic 207,nicely
Topic 207,dusty
Topic 207,delivers
Topic 207,rounded
Topic 207,come
Topic 207,quality
Topic 207,grape
Topic 207,giving
Topic 207,aftertaste
Topic 208,acidic
Topic 208,cool
Topic 208,grape
Topic 208,perfumed
Topic 208,exotic
Topic 208,power
Topic 208,climate
Topic 208,mature
Topic 208,generous
Topic 208,layers
Topic 209,acidic
Topic 209,lush
Topic 209,dusty
Topic 209,delivers
Topic 209,aftertaste
Topic 209,valley
Topic 209,concentration
Topic 209,smoke
Topic 209,baked
Topic 209,cocoa
Topic 210,packed
Topic 210,lead
Topic 210,textured
Topic 210,grape
Topic 210,acidic
Topic 210,mature
Topic 210,smoke
Topic 210,bordeaux
Topic 210,delicate
Topic 210,quality
Topic 211,acidic
Topic 211,nicely
Topic 211,bouquet
Topic 211,delicate
Topic 211,lightly
Topic 211,doesn
Topic 211,open
Topic 211,meat
Topic 211,warm
Topic 211,berries
Topic 212,meat
Topic 212,roasted
Topic 212,grape
Topic 212,aftertaste
Topic 212,mint
Topic 212,bouquet
Topic 212,offering
Topic 212,estate
Topic 212,generous
Topic 212,polished
Topic 213,does
Topic 213,packed
Topic 213,cool
Topic 213,deep
Topic 213,roasted
Topic 213,depth
Topic 213,aftertaste
Topic 213,giving
Topic 213,chewy
Topic 213,climate
Topic 214,packed
Topic 214,doesn
Topic 214,better
Topic 214,valley
Topic 214,winery
Topic 214,yellow
Topic 214,bold
Topic 214,cool
Topic 214,classic
Topic 214,lots
Topic 215,lead
Topic 215,deep
Topic 215,lightly
Topic 215,meat
Topic 215,cocoa
Topic 215,does
Topic 215,tones
Topic 215,layers
Topic 215,elegance
Topic 215,cool
Topic 216,zesty
Topic 216,mature
Topic 216,roasted
Topic 216,perfumed
Topic 216,bordeaux
Topic 216,better
Topic 216,delicate
Topic 216,polished
Topic 216,mint
Topic 216,valley
Topic 217,doesn
Topic 217,better
Topic 217,nicely
Topic 217,mature
Topic 217,really
Topic 217,lead
Topic 217,bouquet
Topic 217,aftertaste
Topic 217,glass
Topic 217,delicate
Topic 218,rounded
Topic 218,bold
Topic 218,doesn
Topic 218,grapes
Topic 218,delivers
Topic 218,scents
Topic 218,smoke
Topic 218,zesty
Topic 218,really
Topic 218,berries
Topic 219,better
Topic 219,zesty
Topic 219,bouquet
Topic 219,bold
Topic 219,lead
Topic 219,giving
Topic 219,winery
Topic 219,rounded
Topic 219,prune
Topic 219,raisin
Topic 220,deep
Topic 220,zesty
Topic 220,aftertaste
Topic 220,bordeaux
Topic 220,scents
Topic 220,doesn
Topic 220,yellow
Topic 220,complexity
Topic 220,based
Topic 220,polished
Topic 221,offering
Topic 221,deep
Topic 221,giving
Topic 221,roasted
Topic 221,power
Topic 221,berries
Topic 221,tones
Topic 221,savory
Topic 221,quality
Topic 221,mint
Topic 222,depth
Topic 222,better
Topic 222,scents
Topic 222,power
Topic 222,acidic
Topic 222,tones
Topic 222,textured
Topic 222,generous
Topic 222,impressive
Topic 222,polished
Topic 223,depth
Topic 223,zesty
Topic 223,doesn
Topic 223,aftertaste
Topic 223,lightly
Topic 223,nicely
Topic 223,lush
Topic 223,layers
Topic 223,exotic
Topic 223,power
Topic 224,perfumed
Topic 224,depth
Topic 224,deep
Topic 224,elegance
Topic 224,bouquet
Topic 224,open
Topic 224,estate
Topic 224,doesn
Topic 224,berries
Topic 224,giving
Topic 225,bordeaux
Topic 225,classic
Topic 225,based
Topic 225,bold
Topic 225,mature
Topic 225,chewy
Topic 225,valley
Topic 225,needs
Topic 225,varieties
Topic 225,tangy
Topic 226,offering
Topic 226,wild
Topic 226,bordeaux
Topic 226,meat
Topic 226,deep
Topic 226,depth
Topic 226,perfumed
Topic 226,needs
Topic 226,does
Topic 226,packed
Topic 227,giving
Topic 227,bordeaux
Topic 227,exotic
Topic 227,cool
Topic 227,based
Topic 227,meat
Topic 227,climate
Topic 227,concentration
Topic 227,bouquet
Topic 227,rounded
Topic 228,roasted
Topic 228,bold
Topic 228,perfumed
Topic 228,winery
Topic 228,lead
Topic 228,bouquet
Topic 228,cranberry
Topic 228,giving
Topic 228,bottling
Topic 228,needs
Topic 229,deep
Topic 229,exotic
Topic 229,estate
Topic 229,mature
Topic 229,scents
Topic 229,chewy
Topic 229,lightly
Topic 229,doesn
Topic 229,really
Topic 229,rounded
Topic 230,giving
Topic 230,polished
Topic 230,open
Topic 230,prune
Topic 230,raisin
Topic 230,layers
Topic 230,lightly
Topic 230,packed
Topic 230,doesn
Topic 230,tangy
Topic 231,roasted
Topic 231,offering
Topic 231,bouquet
Topic 231,polished
Topic 231,elegance
Topic 231,exotic
Topic 231,layers
Topic 231,lovely
Topic 231,packed
Topic 231,tones
Topic 232,polished
Topic 232,mature
Topic 232,bordeaux
Topic 232,power
Topic 232,bold
Topic 232,cool
Topic 232,based
Topic 232,chewy
Topic 232,winery
Topic 232,climate
Topic 233,valley
Topic 233,winery
Topic 233,polished
Topic 233,exotic
Topic 233,layers
Topic 233,needs
Topic 233,berries
Topic 233,open
Topic 233,bouquet
Topic 233,aftertaste
Topic 234,needs
Topic 234,really
Topic 234,giving
Topic 234,berries
Topic 234,exotic
Topic 234,cocoa
Topic 234,bordeaux
Topic 234,bold
Topic 234,elegance
Topic 234,generous
Topic 235,open
Topic 235,cool
Topic 235,needs
Topic 235,cranberry
Topic 235,climate
Topic 235,really
Topic 235,spices
Topic 235,flavored
Topic 235,winery
Topic 235,elegance
Topic 236,overall
Topic 236,chewy
Topic 236,prune
Topic 236,generous
Topic 236,raisin
Topic 236,cool
Topic 236,wild
Topic 236,somewhat
Topic 236,polished
Topic 236,despite
Topic 237,cocoa
Topic 237,candy
Topic 237,lovely
Topic 237,estate
Topic 237,roasted
Topic 237,chewy
Topic 237,raisin
Topic 237,almond
Topic 237,lead
Topic 237,prune
Topic 238,cocoa
Topic 238,winery
Topic 238,exotic
Topic 238,open
Topic 238,chewy
Topic 238,peppery
Topic 238,time
Topic 238,anise
Topic 238,depth
Topic 238,currants
Topic 239,juice
Topic 239,cranberry
Topic 239,prune
Topic 239,raisin
Topic 239,aromatic
Topic 239,tannin
Topic 239,elegance
Topic 239,tomato
Topic 239,classic
Topic 239,brings
Topic 240,overall
Topic 240,mature
Topic 240,lovely
Topic 240,raisin
Topic 240,prune
Topic 240,cocoa
Topic 240,juice
Topic 240,flavored
Topic 240,bold
Topic 240,time
Topic 241,estate
Topic 241,exotic
Topic 241,tannin
Topic 241,power
Topic 241,open
Topic 241,grown
Topic 241,acid
Topic 241,flavored
Topic 241,bordeaux
Topic 241,short
Topic 242,cocoa
Topic 242,despite
Topic 242,needs
Topic 242,varietal
Topic 242,supple
Topic 242,estate
Topic 242,sour
Topic 242,polished
Topic 242,raisin
Topic 242,valley
Topic 243,lovely
Topic 243,blackberries
Topic 243,aromatic
Topic 243,everyday
Topic 243,toasted
Topic 243,plums
Topic 243,glass
Topic 243,espresso
Topic 243,tannin
Topic 243,prune
Topic 244,lovely
Topic 244,currants
Topic 244,tannin
Topic 244,acid
Topic 244,toasted
Topic 244,despite
Topic 244,modest
Topic 244,grilled
Topic 244,chewy
Topic 244,really
Topic 245,chewy
Topic 245,subtle
Topic 245,impressive
Topic 245,cocoa
Topic 245,short
Topic 245,lovely
Topic 245,blackberries
Topic 245,plums
Topic 245,juice
Topic 245,classic
Topic 246,despite
Topic 246,really
Topic 246,almond
Topic 246,varietal
Topic 246,flavored
Topic 246,tannin
Topic 246,classic
Topic 246,mature
Topic 246,winery
Topic 246,blackberries
Topic 247,despite
Topic 247,impressive
Topic 247,lovely
Topic 247,prune
Topic 247,valley
Topic 247,raisin
Topic 247,glass
Topic 247,vibrant
Topic 247,currants
Topic 247,open
Topic 248,everyday
Topic 248,classic
Topic 248,currants
Topic 248,impressive
Topic 248,mature
Topic 248,varietal
Topic 248,winery
Topic 248,fare
Topic 248,raspberries
Topic 248,roasted
Topic 249,aromatic
Topic 249,overall
Topic 249,interesting
Topic 249,really
Topic 249,despite
Topic 249,subtle
Topic 249,everyday
Topic 249,brings
Topic 249,toasted
Topic 249,cocoa
